{
  "description": "项目配置文件",
  "setting": {
    "urlCheck": false,
    "es6": true,
    "postcss": true,
    "minified": true,
    "newFeature": true,
    "babelSetting": {
      "ignore": [],
      "disablePlugins": [],
      "outputPath": ""
    },
    "swc": true,
    "enhance": true
  },
  "compileType": "game",
  "libVersion": "latest",
  "appid": "wx85fbcedfa360a1ce",
  "projectname": "quickstart",
  "condition": {},
  "packOptions": {
    "ignore": [],
    "include": []
  },
  "editorSetting": {
    "tabIndent": "insertSpaces",
    "tabSize": 2
  }
}